"source_file","level","sample_1","sample_2","sample_3","sample_4","sample_5","sample_6","sample_7","sample_8","sample_9","sample_10","sample_11","sample_12","sample_13","sample_14","sample_15","sample_16","sample_17","sample_18","sample_19","sample_20"
"bootstrap_data_no2_vg_0-ppb_conex_D_run_1.csv","0-ppb",0.0244863459037711,0.056814044213264,-0.153003901170351,0.0745383615084525,-0.119778933680104,-0.0708712613784135,-0.0301040312093628,0.00237971391417425,-0.0377893368010403,0.0717555266579974,0.162522756827048,-0.0680234070221066,-0.0222366710013004,-0.0326527958387516,-0.0261638491547464,-0.115812743823147,0.0155396618985696,-0.0549154746423927,-0.0922756827048114,-0.0496879063719116
"bootstrap_data_no2_vg_0-ppb_conex_D_run_10.csv","0-ppb",-0.167295188556567,0.0922886866059818,-0.0253576072821847,-0.00832249674902471,-0.0118465539661899,-0.0352015604681404,0.00332899869960987,0.0494018205461638,-0.136462938881664,0.0048114434330299,-0.18963589076723,0.0268660598179454,0.0823016905071521,-0.152860858257477,0.150416124837451,-0.141664499349805,0.185773732119636,-0.0855266579973992,-0.0571911573472042,0.0502990897269181
"bootstrap_data_no2_vg_0-ppb_conex_D_run_11.csv","0-ppb",-0.114668400520156,-0.120130039011704,0.00410923276983095,-0.0598569570871261,-0.0744213263979194,0.057815344603381,0.0919505851755527,0.107113133940182,0.0094668400520156,0.0153055916775032,-0.0250065019505852,0.0614954486345904,-0.0176202860858258,-0.035331599479844,-0.0649674902470741,-0.121586475942783,-0.117529258777633,0.0448374512353706,-0.0845513654096229,0.0136931079323797
"bootstrap_data_no2_vg_0-ppb_conex_D_run_12.csv","0-ppb",-0.00331599479843954,0.016553966189857,-0.0337451235370611,0.0820806241872562,-0.107152145643693,-0.0508322496749025,0.150208062418726,-0.021963589076723,0.132509752925878,0.0515214564369311,-0.0584655396618986,-0.106996098829649,-0.0148634590377113,-0.0870221066319896,0.0113394018205462,0.00898569570871261,0.068335500650195,0.0779973992197659,-0.110247074122237,-0.0715734720416125
"bootstrap_data_no2_vg_0-ppb_conex_D_run_13.csv","0-ppb",-0.0135760728218466,-0.0898829648894668,-0.108569570871261,0.120455136540962,0.0279063719115735,0.0401430429128739,0.0174122236671001,-0.00834850455136541,0.05074122236671,-0.127555266579974,-0.0857607282184655,-0.0729778933680104,-0.0567750325097529,-0.0494408322496749,-0.0333940182054616,0.0270611183355006,-0.0354746423927178,0.072184655396619,-0.132535760728218,-0.0162288686605982
"bootstrap_data_no2_vg_0-ppb_conex_D_run_14.csv","0-ppb",-0.0165669700910273,0.145526657997399,-0.0383094928478544,-0.0412093628088427,0.12111833550065,-0.0828088426527958,0.0416775032509753,-0.0913003901170351,0.054369310793238,-0.00245773732119636,-0.0218075422626788,-0.119856957087126,-0.0407542262678804,-0.0376072821846554,-0.0575812743823147,-0.00469440832249675,-0.0311833550065019,-0.0618985695708713,-0.0305331599479844,-0.0546163849154746
"bootstrap_data_no2_vg_0-ppb_conex_D_run_15.csv","0-ppb",-0.0363849154746424,-0.058257477243173,0.0247334200260078,0.0310923276983095,0.0528738621586476,-0.0817165149544864,-0.00266579973992198,-0.0400910273081925,0.103498049414824,-0.0833159947984395,0.036814044213264,-0.099297789336801,0.00984395318595578,-0.0107282184655397,-0.128543563068921,-0.0465669700910273,-0.130650195058518,-0.0493498049414824,-0.0712353706111833,0.0706241872561768
"bootstrap_data_no2_vg_0-ppb_conex_D_run_16.csv","0-ppb",-0.0409492847854356,0.182548764629389,-0.176332899869961,0.0231079323797139,0.0378933680104031,0.0979323797139142,-0.0614694408322497,0.0790637191157347,-0.0918205461638492,-0.0608192457737321,-0.110507152145644,0.0486215864759428,-0.118075422626788,-0.141430429128739,-0.0250455136540962,-0.152990897269181,0.105305591677503,0.0834330299089727,-0.147854356306892,-0.0326788036410923
"bootstrap_data_no2_vg_0-ppb_conex_D_run_17.csv","0-ppb",-0.0962938881664499,-0.0524837451235371,0.104239271781534,0.0177243172951886,0.0335240572171651,0.0537061118335501,-0.101547464239272,0.14369310793238,-0.0724577373211964,-0.031222366710013,-0.0643042912873862,-0.0175162548764629,0.0434980494148244,-0.126996098829649,-0.0939661898569571,0.0969830949284785,-0.0757477243172952,-0.0669830949284786,-0.144148244473342,-0.121716514954486
"bootstrap_data_no2_vg_0-ppb_conex_D_run_18.csv","0-ppb",-0.00404421326397919,0.0548764629388817,0.0311963589076723,0.028036410923277,-0.104018205461638,-0.0540702210663199,0.163901170351105,0.0324187256176853,-0.0469180754226268,-0.00075422626788036,0.023667100130039,0.0404031209362809,-0.0615864759427828,-0.089037711313394,-0.00543563068920676,0.0412483745123537,-0.00072821846553966,-0.0272821846553966,-0.0676202860858258,0.0396098829648895
"bootstrap_data_no2_vg_0-ppb_conex_D_run_19.csv","0-ppb",-0.0625227568270481,-0.0326918075422627,0.0506762028608582,-0.0260338101430429,-0.0340052015604681,0.148556566970091,0.0273472041612484,-0.104915474642393,0.0256697009102731,-0.0740962288686606,-0.0940832249674902,-0.0231079323797139,0.086072821846554,0.0432379713914174,0.144226267880364,0.00016905071521456,-0.00035110533159948,-0.0239011703511053,-0.0567100130039012,-0.0910403120936281
"bootstrap_data_no2_vg_0-ppb_conex_D_run_2.csv","0-ppb",0.00970091027308192,0.00494148244473342,-0.00439531859557868,-0.0946553966189857,-0.150351105331599,-0.157282184655397,-0.121937581274382,-0.0708712613784135,0.13889466840052,0.0824317295188556,-0.0425357607282185,-0.022925877763329,-0.00221066319895969,0.0454226267880364,0.0151755526657997,-0.00443433029908973,-0.0265149544863459,-0.09925877763329,-0.00384915474642393,0.0214564369310793
"bootstrap_data_no2_vg_0-ppb_conex_D_run_20.csv","0-ppb",-0.0715214564369311,-0.00417425227568271,-0.100442132639792,0.13371911573472,-0.0564499349804941,-0.0612353706111834,0.0449024707412224,-0.126085825747724,-0.0971391417425228,0.219024707412224,-0.0599219765929779,-0.109869960988296,-0.14037711313394,-0.076853055916775,0.0272561768530559,-0.185630689206762,-0.118413524057217,0.140091027308192,-0.0962028608582575,-0.140208062418726
"bootstrap_data_no2_vg_0-ppb_conex_D_run_21.csv","0-ppb",0.0613394018205462,-0.0159297789336801,-0.0490767230169051,0.0653185955786736,-0.154486345903771,0.0806762028608583,0.122743823146944,0.128478543563069,-0.00339401820546165,-0.129037711313394,0.0120026007802341,-0.0618075422626788,0.0101690507152146,-0.0318335500650195,-0.112275682704811,-0.0287516254876463,0.0230689206762029,-0.0194018205461639,-0.0647594278283485,0.0396098829648895
"bootstrap_data_no2_vg_0-ppb_conex_D_run_22.csv","0-ppb",-0.0976462938881665,-0.00534460338101431,0.0126918075422627,-0.0379583875162549,-0.0676723016905072,-0.0913133940182055,-0.0438101430429129,0.0589206762028608,-0.0255266579973992,-0.111248374512354,-0.137867360208062,-0.00919375812743824,-0.00270481144343303,-0.0507932379713914,-0.109596879063719,-0.0275812743823147,-0.093888166449935,-0.0764239271781535,0.0811573472041612,-0.166098829648895
"bootstrap_data_no2_vg_0-ppb_conex_D_run_23.csv","0-ppb",0.0674512353706112,-0.0109232769830949,-0.0884265279583875,-0.0569960988296489,-0.0109362808842653,0.0936020806241873,0.0104291287386216,-0.0440182054616385,0.0478413524057217,-0.0792847854356307,-0.122145643693108,-0.025630689206762,-0.116358907672302,-0.023667100130039,-0.145058517555267,-0.06777633289987,-0.0944863459037711,-0.129141742522757,-0.123094928478544,-0.0287256176853056
"bootstrap_data_no2_vg_0-ppb_conex_D_run_24.csv","0-ppb",-0.0217165149544863,-0.0412743823146944,-0.17592977893368,-0.103641092327698,0.0273992197659298,0.0208452535760728,0.00682704811443432,-0.0247594278283485,0.0169570871261378,0.0674252275682705,-0.0762808842652796,-0.060260078023407,-0.110533159947984,-0.0140702210663199,0.0116124837451235,-0.0658387516254876,-0.146527958387516,0.00905071521456437,-0.0585695708712614,0.0422756827048114
"bootstrap_data_no2_vg_0-ppb_conex_D_run_25.csv","0-ppb",-0.0587126137841352,0.0514954486345904,-0.0692457737321196,-0.0967490247074122,0.072704811443433,-0.0338751625487646,-0.108725617685306,-0.0122496749024707,-0.127815344603381,-0.0523537061118335,0.0619505851755527,0.0277633289986996,-0.0913263979193758,-0.143120936280884,0.086332899869961,0.0547334200260078,-0.09,-0.0315864759427828,0.0964239271781534,0.0177243172951885
"bootstrap_data_no2_vg_0-ppb_conex_D_run_26.csv","0-ppb",-0.051703511053316,-0.0300390117035111,-0.0920936280884265,-0.0401820546163849,-0.143862158647594,-0.0311703511053316,-0.0979843953185956,-0.0597009102730819,0.025331599479844,-0.0104421326397919,0.0191547464239272,-0.0784135240572172,0.0116514954486346,0.0419505851755527,-0.0908192457737321,-0.0601820546163849,-0.0588816644993498,-0.130702210663199,0.0818205461638492,-0.049778933680104
"bootstrap_data_no2_vg_0-ppb_conex_D_run_27.csv","0-ppb",0.0845513654096229,-0.00996098829648894,-0.100637191157347,-0.0398049414824447,-0.0743172951885566,-0.0530819245773732,-0.0921066319895969,-0.0478933680104031,-0.0093888166449935,0.173289986996099,0.0047334200260078,-0.0413654096228869,-0.0218465539661899,0.0140312093628088,0.0364759427828348,-0.0147594278283485,0.0991677503250975,-0.10591677503251,-0.0345123537061118,-0.0768270481144343
"bootstrap_data_no2_vg_0-ppb_conex_D_run_28.csv","0-ppb",-0.150416124837451,-0.0170091027308193,-0.0493758127438232,-0.0304161248374512,-0.0576332899869961,0.00059817945383614,-0.152262678803641,0.0433420026007802,-0.0615214564369311,-0.0163198959687906,-0.102288686605982,0.0192457737321196,-0.0227958387516255,0.010520156046814,-0.0627698309492848,-0.00035110533159948,-0.0863589076723017,0.117217165149545,-0.109895968790637,0.0784655396618986
"bootstrap_data_no2_vg_0-ppb_conex_D_run_29.csv","0-ppb",-0.0616905071521456,-0.00245773732119636,-0.0825357607282185,0.175903771131339,-0.12221066319896,-0.0139791937581274,-0.121456436931079,-0.062704811443433,0.0850715214564369,-0.0809362808842653,-0.123849154746424,0.0637711313394018,0.0435370611183355,0.0152015604681404,-0.0452275682704811,0.0243823146944083,0.0496358907672302,0.0338231469440832,-0.0652015604681404,-0.0949284785435631
"bootstrap_data_no2_vg_0-ppb_conex_D_run_3.csv","0-ppb",0.0193107932379714,-0.0588686605981795,-0.029960988296489,-0.00261378413524057,0.213237971391417,-0.018075422626788,-0.0512873862158648,-0.0966189856957087,0.0952795838751625,-0.127698309492848,-0.00352405721716515,0.0391157347204161,0.085630689206762,-0.151313394018205,-0.0637321196358908,0.0756827048114434,0.0746423927178153,-0.0852405721716515,-0.126801040312094,-0.0282314694408323
"bootstrap_data_no2_vg_0-ppb_conex_D_run_30.csv","0-ppb",0.0306631989596879,-0.0534200260078023,-0.124005201560468,-0.00697009102730819,0.00163849154746424,-0.0216124837451235,-0.0276592977893368,-0.0672821846553966,-0.063628088426528,-0.0971911573472042,0.0394408322496749,0.0646163849154746,-0.00243172951885566,-0.0244993498049415,-0.101040312093628,-0.0418985695708713,0.0412873862158648,-0.0998179453836151,-0.11556566970091,0.02851755526658
"bootstrap_data_no2_vg_0-ppb_conex_D_run_4.csv","0-ppb",0.134616384915475,-0.00838751625487647,-0.127672301690507,0.0239531859557867,-0.0428088426527958,-0.0499219765929779,-0.117464239271782,0.125578673602081,0.0576202860858257,0.051001300390117,-0.0901300390117035,-0.0518335500650195,0.0410663198959688,-0.0360598179453836,0.155890767230169,-0.108374512353706,-0.0323927178153446,-0.0263849154746424,-0.0152925877763329,-0.0491677503250975
"bootstrap_data_no2_vg_0-ppb_conex_D_run_5.csv","0-ppb",0.050962288686606,-0.0459557867360208,0.0311183355006502,0.0216644993498049,0.0453576072821847,0.123927178153446,-0.0133420026007802,-0.115435630689207,-0.0994148244473342,-0.0182444733420026,-0.0163849154746424,0.0246814044213264,-0.0984525357607282,0.0163459037711313,-0.0592457737321196,-0.0561248374512354,-0.00976592977893368,-0.163992197659298,-0.103498049414824,-0.0600390117035111
"bootstrap_data_no2_vg_0-ppb_conex_D_run_6.csv","0-ppb",-0.0904551365409623,-0.142873862158648,-0.0653966189856957,-0.0156957087126138,-0.0340572171651495,-0.172028608582575,0.0534590377113134,-0.118101430429129,-0.0436410923276983,-0.112535760728218,-0.0136150845253576,-0.0540962288686606,-0.0787256176853056,0.0750065019505852,-0.00953185955786737,-0.104876462938882,-0.00447334200260078,0.0847854356306892,0.00261378413524057,-0.0418465539661899
"bootstrap_data_no2_vg_0-ppb_conex_D_run_7.csv","0-ppb",-0.0311703511053316,-0.155253576072822,-0.119375812743823,-0.0141352405721716,0.00819245773732119,-0.0762548764629389,0.00218465539661898,0.0377633289986996,-0.105006501950585,-0.0469830949284785,-0.179973992197659,0.0222886866059818,0.0872691807542263,-0.0375422626788036,-0.0379063719115735,-0.0607802340702211,0.0175812743823147,0.0116514954486346,0.0340052015604681,-0.0493107932379714
"bootstrap_data_no2_vg_0-ppb_conex_D_run_8.csv","0-ppb",-0.0768920676202861,0.275487646293888,-0.110910273081925,0.00586475942782835,-0.0198699609882965,-0.0118595578673602,-0.0502470741222367,0.0158257477243173,0.00577373211963589,-0.0034850455136541,-0.0259297789336801,-0.0702730819245774,-0.123576072821847,0.0601170351105332,0.111430429128739,-0.0505591677503251,-0.0864889466840052,-0.0226137841352406,-0.0471001300390117,-0.0548114434330299
"bootstrap_data_no2_vg_0-ppb_conex_D_run_9.csv","0-ppb",-0.0517815344603381,-0.0209752925877763,0.0649414824447334,-0.1051755526658,-0.0166970091027308,-0.137321196358908,-0.00586475942782835,-0.054668400520156,0.00524057217165149,0.0186475942782835,-0.0975422626788036,0.0685825747724317,-0.0645383615084525,0.123276983094928,0.0108192457737321,0.076072821846554,0.16369310793238,-0.00789336801040313,-0.0352925877763329,0.00416124837451235
"bootstrap_data_no2_vg_0-ppb_conex_M_run_1.csv","0-ppb",0.347808988764045,0.162359550561798,0.362865168539326,0.157022471910112,0.213314606741573,0.239101123595506,0.26252808988764,0.274157303370787,0.265393258426966,0.275056179775281,0.314157303370787,0.33561797752809,0.289719101123596,0.225056179775281,0.333426966292135,0.210393258426966,0.267921348314607,0.32747191011236,0.253932584269663,0.255730337078652
"bootstrap_data_no2_vg_0-ppb_conex_M_run_10.csv","0-ppb",0.279719101123595,0.319719101123596,0.262078651685393,0.26752808988764,0.336966292134831,0.244213483146067,0.308707865168539,0.258314606741573,0.354831460674157,0.327303370786517,0.22623595505618,0.238314606741573,0.27747191011236,0.286797752808989,0.251292134831461,0.353820224719101,0.323539325842697,0.238426966292135,0.332359550561798,0.204943820224719
"bootstrap_data_no2_vg_0-ppb_conex_M_run_11.csv","0-ppb",0.291179775280899,0.307752808988764,0.323033707865169,0.269831460674157,0.276741573033708,0.326797752808989,0.225224719101124,0.317752808988764,0.353426966292135,0.348426966292135,0.241966292134831,0.308426966292135,0.352808988764045,0.273595505617978,0.250280898876404,0.196797752808989,0.298820224719101,0.198089887640449,0.244831460674157,0.243707865168539
"bootstrap_data_no2_vg_0-ppb_conex_M_run_12.csv","0-ppb",0.261797752808989,0.226516853932584,0.287134831460674,0.418651685393258,0.153932584269663,0.274775280898876,0.21247191011236,0.376179775280899,0.255056179775281,0.270337078651685,0.263258426966292,0.287022471910112,0.289325842696629,0.212977528089888,0.327247191011236,0.294719101123596,0.252752808988764,0.20561797752809,0.325842696629214,0.197584269662921
"bootstrap_data_no2_vg_0-ppb_conex_M_run_13.csv","0-ppb",0.199101123595506,0.212078651685393,0.291516853932584,0.286179775280899,0.283314606741573,0.249550561797753,0.252977528089888,0.317134831460674,0.28685393258427,0.332921348314607,0.220730337078652,0.248651685393258,0.267247191011236,0.348314606741573,0.257752808988764,0.346797752808989,0.306067415730337,0.210337078651685,0.326685393258427,0.318426966292135
"bootstrap_data_no2_vg_0-ppb_conex_M_run_14.csv","0-ppb",0.400955056179775,0.235168539325843,0.279943820224719,0.225955056179775,0.493539325842697,0.239101123595506,0.25623595505618,0.212584269662921,0.364044943820225,0.265561797752809,0.212191011235955,0.27752808988764,0.194325842696629,0.35185393258427,0.315280898876404,0.246516853932584,0.304606741573034,0.268539325842697,0.241348314606742,0.260674157303371
"bootstrap_data_no2_vg_0-ppb_conex_M_run_15.csv","0-ppb",0.341404494382022,0.26752808988764,0.333707865168539,0.133707865168539,0.30247191011236,0.344943820224719,0.322865168539326,0.226348314606742,0.220505617977528,0.297808988764045,0.252865168539326,0.338820224719101,0.223539325842697,0.218707865168539,0.203370786516854,0.227921348314607,0.256573033707865,0.328820224719101,0.290674157303371,0.344325842696629
"bootstrap_data_no2_vg_0-ppb_conex_M_run_16.csv","0-ppb",0.391292134831461,0.324325842696629,0.292977528089888,0.261797752808989,0.281067415730337,0.306516853932584,0.227247191011236,0.271629213483146,0.376348314606742,0.274831460674157,0.17752808988764,0.232865168539326,0.290449438202247,0.290505617977528,0.349494382022472,0.275393258426966,0.371460674157303,0.207865168539326,0.286011235955056,0.31623595505618
"bootstrap_data_no2_vg_0-ppb_conex_M_run_17.csv","0-ppb",0.265,0.20247191011236,0.320955056179775,0.282247191011236,0.336910112359551,0.30376404494382,0.387584269662921,0.291067415730337,0.260112359550562,0.390168539325843,0.321797752808989,0.191685393258427,0.322359550561798,0.327584269662921,0.284831460674157,0.301067415730337,0.279887640449438,0.328707865168539,0.245786516853933,0.283426966292135
"bootstrap_data_no2_vg_0-ppb_conex_M_run_18.csv","0-ppb",0.167303370786517,0.296741573033708,0.211573033707865,0.309943820224719,0.337808988764045,0.288314606741573,0.277808988764045,0.449438202247191,0.286910112359551,0.450786516853933,0.257078651685393,0.267415730337079,0.226123595505618,0.331573033707865,0.240955056179775,0.25123595505618,0.339157303370787,0.278202247191011,0.256516853932584,0.275786516853933
"bootstrap_data_no2_vg_0-ppb_conex_M_run_19.csv","0-ppb",0.340730337078652,0.286460674157303,0.283314606741573,0.211516853932584,0.21376404494382,0.271460674157303,0.36938202247191,0.366573033707865,0.297303370786517,0.373876404494382,0.310280898876404,0.266741573033708,0.308258426966292,0.27,0.334325842696629,0.20623595505618,0.224719101123595,0.268651685393258,0.330337078651685,0.361741573033708
"bootstrap_data_no2_vg_0-ppb_conex_M_run_2.csv","0-ppb",0.186741573033708,0.327022471910112,0.269044943820225,0.339606741573034,0.289325842696629,0.264438202247191,0.296573033707865,0.303089887640449,0.264606741573034,0.263595505617978,0.273258426966292,0.245168539325843,0.207134831460674,0.192977528089888,0.254662921348315,0.292921348314607,0.262584269662921,0.262640449438202,0.330224719101124,0.261516853932584
"bootstrap_data_no2_vg_0-ppb_conex_M_run_20.csv","0-ppb",0.244269662921348,0.219269662921348,0.150730337078652,0.301460674157303,0.292191011235955,0.273988764044944,0.25314606741573,0.226460674157303,0.291067415730337,0.297640449438202,0.238876404494382,0.25376404494382,0.280955056179775,0.159213483146067,0.189044943820225,0.347696629213483,0.25247191011236,0.253988764044944,0.385112359550562,0.304325842696629
"bootstrap_data_no2_vg_0-ppb_conex_M_run_21.csv","0-ppb",0.304887640449438,0.206685393258427,0.267696629213483,0.343258426966292,0.279719101123595,0.275842696629213,0.351348314606742,0.264325842696629,0.321067415730337,0.320168539325843,0.253314606741573,0.308370786516854,0.315674157303371,0.326292134831461,0.20623595505618,0.298707865168539,0.381741573033708,0.275561797752809,0.312696629213483,0.275674157303371
"bootstrap_data_no2_vg_0-ppb_conex_M_run_22.csv","0-ppb",0.19876404494382,0.274213483146067,0.333314606741573,0.261404494382022,0.298820224719101,0.260168539325843,0.272921348314607,0.315280898876404,0.324213483146067,0.319438202247191,0.313258426966292,0.279101123595506,0.21752808988764,0.365224719101124,0.343089887640449,0.30247191011236,0.255730337078652,0.245112359550562,0.303595505617978,0.292752808988764
"bootstrap_data_no2_vg_0-ppb_conex_M_run_23.csv","0-ppb",0.294719101123596,0.293932584269663,0.246067415730337,0.297865168539326,0.316910112359551,0.289550561797753,0.394550561797753,0.250056179775281,0.421179775280899,0.294157303370786,0.255561797752809,0.274438202247191,0.240168539325843,0.289887640449438,0.413033707865169,0.211573033707865,0.304044943820225,0.228876404494382,0.303988764044944,0.261348314606742
"bootstrap_data_no2_vg_0-ppb_conex_M_run_24.csv","0-ppb",0.209157303370787,0.230056179775281,0.171516853932584,0.281067415730337,0.142921348314607,0.258595505617978,0.386910112359551,0.309719101123596,0.243932584269663,0.247078651685393,0.263707865168539,0.352752808988764,0.376910112359551,0.275449438202247,0.257865168539326,0.226741573033708,0.325168539325843,0.255168539325843,0.161685393258427,0.199325842696629
"bootstrap_data_no2_vg_0-ppb_conex_M_run_25.csv","0-ppb",0.342752808988764,0.230449438202247,0.251067415730337,0.223314606741573,0.263595505617978,0.253483146067416,0.28938202247191,0.275898876404494,0.299269662921348,0.323932584269663,0.231741573033708,0.302415730337079,0.312584269662921,0.260898876404494,0.32252808988764,0.26752808988764,0.311516853932584,0.275393258426966,0.358258426966292,0.270955056179775
"bootstrap_data_no2_vg_0-ppb_conex_M_run_26.csv","0-ppb",0.288876404494382,0.253314606741573,0.254550561797753,0.315168539325843,0.299606741573034,0.256629213483146,0.238932584269663,0.287022471910112,0.317808988764045,0.332584269662921,0.282359550561798,0.376123595505618,0.241516853932584,0.389101123595506,0.283932584269663,0.199101123595506,0.366629213483146,0.344550561797753,0.342696629213483,0.267415730337079
"bootstrap_data_no2_vg_0-ppb_conex_M_run_27.csv","0-ppb",0.305056179775281,0.331123595505618,0.295955056179775,0.28185393258427,0.216741573033708,0.310449438202247,0.317921348314607,0.255393258426966,0.203932584269663,0.267752808988764,0.296685393258427,0.283258426966292,0.292752808988764,0.273595505617978,0.27814606741573,0.298988764044944,0.319269662921348,0.347303370786517,0.368988764044944,0.287808988764045
"bootstrap_data_no2_vg_0-ppb_conex_M_run_28.csv","0-ppb",0.27876404494382,0.192921348314607,0.227134831460674,0.368876404494382,0.331067415730337,0.236404494382022,0.165056179775281,0.173876404494382,0.336460674157303,0.284269662921348,0.361910112359551,0.273426966292135,0.293033707865169,0.261404494382022,0.242415730337079,0.223651685393258,0.338595505617978,0.319943820224719,0.192584269662921,0.266685393258427
"bootstrap_data_no2_vg_0-ppb_conex_M_run_29.csv","0-ppb",0.295674157303371,0.324494382022472,0.283651685393258,0.32061797752809,0.27747191011236,0.285730337078652,0.189775280898876,0.354101123595506,0.295168539325843,0.303426966292135,0.357022471910112,0.238932584269663,0.320393258426966,0.23438202247191,0.207415730337079,0.347134831460674,0.325786516853933,0.335224719101124,0.296404494382022,0.252921348314607
"bootstrap_data_no2_vg_0-ppb_conex_M_run_3.csv","0-ppb",0.236685393258427,0.258483146067416,0.34252808988764,0.316516853932584,0.222921348314607,0.170337078651685,0.200955056179775,0.285056179775281,0.272752808988764,0.281573033707865,0.252078651685393,0.374831460674157,0.229662921348315,0.399831460674157,0.277134831460674,0.25247191011236,0.268370786516854,0.318707865168539,0.274719101123595,0.226348314606742
"bootstrap_data_no2_vg_0-ppb_conex_M_run_30.csv","0-ppb",0.287752808988764,0.313370786516854,0.264943820224719,0.223258426966292,0.265,0.155112359550562,0.350337078651685,0.277640449438202,0.308876404494382,0.166910112359551,0.285505617977528,0.208483146067416,0.310561797752809,0.245280898876405,0.270449438202247,0.283988764044944,0.266123595505618,0.356348314606742,0.185280898876405,0.131685393258427
"bootstrap_data_no2_vg_0-ppb_conex_M_run_4.csv","0-ppb",0.322584269662921,0.281348314606742,0.31623595505618,0.279325842696629,0.319606741573034,0.301460674157303,0.337752808988764,0.33061797752809,0.279494382022472,0.264775280898876,0.230337078651685,0.315898876404494,0.248988764044944,0.379044943820225,0.277584269662921,0.334269662921348,0.339101123595506,0.315337078651685,0.362640449438202,0.368932584269663
"bootstrap_data_no2_vg_0-ppb_conex_M_run_5.csv","0-ppb",0.235224719101124,0.308651685393258,0.33061797752809,0.246011235955056,0.253539325842697,0.245561797752809,0.347191011235955,0.237640449438202,0.23747191011236,0.302415730337079,0.297977528089888,0.208314606741573,0.386573033707865,0.270393258426966,0.286741573033708,0.358595505617978,0.285,0.36752808988764,0.332808988764045,0.260898876404494
"bootstrap_data_no2_vg_0-ppb_conex_M_run_6.csv","0-ppb",0.193988764044944,0.277415730337079,0.191292134831461,0.244943820224719,0.258370786516854,0.186179775280899,0.251741573033708,0.236179775280899,0.242078651685393,0.249662921348315,0.319269662921348,0.324943820224719,0.299662921348315,0.247415730337079,0.32938202247191,0.276685393258427,0.282415730337079,0.254101123595506,0.310842696629213,0.241123595505618
"bootstrap_data_no2_vg_0-ppb_conex_M_run_7.csv","0-ppb",0.268089887640449,0.361011235955056,0.338932584269663,0.379213483146067,0.41314606741573,0.264887640449438,0.38,0.297584269662921,0.257752808988764,0.288314606741573,0.304606741573034,0.333202247191011,0.213483146067416,0.292415730337079,0.286966292134831,0.209269662921348,0.264550561797753,0.328426966292135,0.263707865168539,0.340449438202247
"bootstrap_data_no2_vg_0-ppb_conex_M_run_8.csv","0-ppb",0.342303370786517,0.245393258426966,0.27247191011236,0.293202247191011,0.259550561797753,0.353707865168539,0.270337078651685,0.29747191011236,0.288651685393258,0.288033707865169,0.337921348314607,0.251797752808989,0.227865168539326,0.274550561797753,0.243539325842697,0.269438202247191,0.273370786516854,0.325898876404494,0.289662921348315,0.294325842696629
"bootstrap_data_no2_vg_0-ppb_conex_M_run_9.csv","0-ppb",0.323089887640449,0.26814606741573,0.385112359550562,0.362808988764045,0.285505617977528,0.27185393258427,0.323539325842697,0.31252808988764,0.262359550561798,0.287078651685393,0.292752808988764,0.187977528089888,0.239831460674157,0.34876404494382,0.270168539325843,0.289044943820225,0.23876404494382,0.264887640449438,0.135393258426966,0.308932584269663
"bootstrap_data_no2_vg_120-ppb_conex_D_run_1.csv","120-ppb",122.975949367089,122.462025316456,122.937974683544,122.616455696203,123.558227848101,123.436708860759,122.830379746835,122.921518987342,122.870886075949,122.658227848101,122.822784810127,123.189873417722,122.451898734177,123.012658227848,123.027848101266,123.063291139241,122.718987341772,123.16582278481,122.943037974684,122.950632911392
"bootstrap_data_no2_vg_120-ppb_conex_D_run_10.csv","120-ppb",122.610126582278,122.406329113924,122.575949367089,123.058227848101,122.860759493671,123.06582278481,122.926582278481,122.574683544304,123.011392405063,123.164556962025,122.648101265823,122.555696202532,122.718987341772,123.177215189873,122.558227848101,122.550632911392,123.867088607595,122.922784810127,122.736708860759,123.043037974684
"bootstrap_data_no2_vg_120-ppb_conex_D_run_11.csv","120-ppb",123.259493670886,122.581012658228,123.598734177215,122.926582278481,122.301265822785,123.160759493671,122.715189873418,122.975949367089,122.632911392405,122.66835443038,123.082278481013,122.801265822785,122.475949367089,123.056962025316,123.706329113924,122.76835443038,122.901265822785,122.754430379747,123.167088607595,122.618987341772
"bootstrap_data_no2_vg_120-ppb_conex_D_run_12.csv","120-ppb",122.883544303797,122.996202531646,122.575949367089,123.029113924051,123.111392405063,123.781012658228,123.375949367089,122.664556962025,122.889873417722,122.455696202532,122.837974683544,123.158227848101,122.677215189873,122.920253164557,122.835443037975,123.522784810127,123.292405063291,122.463291139241,123.413924050633,122.687341772152
"bootstrap_data_no2_vg_120-ppb_conex_D_run_13.csv","120-ppb",122.635443037975,122.688607594937,123.372151898734,122.215189873418,123.213924050633,123.037974683544,123.487341772152,123.512658227848,123.355696202532,123.318987341772,123.603797468354,122.858227848101,122.601265822785,123.06582278481,122.693670886076,122.789873417722,123.688607594937,123.16329113924,122.884810126582,123.435443037975
"bootstrap_data_no2_vg_120-ppb_conex_D_run_14.csv","120-ppb",122.855696202532,122.440506329114,123.291139240506,123.026582278481,123.173417721519,122.979746835443,122.120253164557,122.753164556962,122.977215189873,122.789873417722,123.013924050633,122.037974683544,123.388607594937,123.244303797468,123.278481012658,123.041772151899,123.124050632911,122.911392405063,123.13417721519,122.803797468354
"bootstrap_data_no2_vg_120-ppb_conex_D_run_15.csv","120-ppb",123.243037974684,122.226582278481,122.789873417722,122.936708860759,122.724050632911,122.575949367089,122.875949367089,122.820253164557,122.988607594937,122.607594936709,123.345569620253,123.073417721519,123.012658227848,123.079746835443,123.054430379747,123.103797468354,123.073417721519,122.544303797468,122.653164556962,122.541772151899
"bootstrap_data_no2_vg_120-ppb_conex_D_run_16.csv","120-ppb",122.844303797468,122.591139240506,123.689873417722,123.589873417722,123.526582278481,122.503797468354,122.915189873418,122.794936708861,122.655696202532,123.430379746835,123.13164556962,123.139240506329,122.939240506329,122.507594936709,122.720253164557,123.240506329114,123.044303797468,123.635443037975,123.116455696203,123.160759493671
"bootstrap_data_no2_vg_120-ppb_conex_D_run_17.csv","120-ppb",123.567088607595,123.475949367089,122.159493670886,123.310126582278,122.592405063291,123.172151898734,123.112658227848,122.370886075949,123.372151898734,123.154430379747,123.19746835443,123.108860759494,122.907594936709,122.787341772152,122.726582278481,123.018987341772,123.383544303797,123.074683544304,123.374683544304,122.650632911392
"bootstrap_data_no2_vg_120-ppb_conex_D_run_18.csv","120-ppb",122.301265822785,123.522784810127,123.418987341772,122.562025316456,122.092405063291,122.629113924051,123.154430379747,122.406329113924,122.882278481013,122.369620253165,122.889873417722,122.30253164557,123.078481012658,123.155696202532,123.126582278481,123.005063291139,122.953164556962,122.564556962025,122.96582278481,123.020253164557
"bootstrap_data_no2_vg_120-ppb_conex_D_run_19.csv","120-ppb",122.287341772152,122.275949367089,122.784810126582,123.005063291139,123.440506329114,123.277215189873,122.273417721519,121.635443037975,122.963291139241,122.837974683544,123.025316455696,123.578481012658,122.981012658228,123.060759493671,122.763291139241,123.558227848101,123.316455696203,122.835443037975,123.094936708861,123.045569620253
"bootstrap_data_no2_vg_120-ppb_conex_D_run_2.csv","120-ppb",122.944303797468,123.775949367089,123.018987341772,122.837974683544,122.901265822785,123.026582278481,123.113924050633,122.384810126582,123.33670886076,123.043037974684,122.208860759494,122.636708860759,123.518987341772,122.826582278481,122.784810126582,122.745569620253,122.192405063291,122.611392405063,121.979746835443,123.255696202532
"bootstrap_data_no2_vg_120-ppb_conex_D_run_20.csv","120-ppb",123.241772151899,122.816455696203,122.958227848101,123.450632911392,122.849367088608,122.637974683544,123.172151898734,122.905063291139,123.092405063291,122.943037974684,122.829113924051,122.491139240506,122.559493670886,122.692405063291,122.513924050633,122.678481012658,124.281012658228,123.140506329114,123.139240506329,122.586075949367
"bootstrap_data_no2_vg_120-ppb_conex_D_run_21.csv","120-ppb",123.062025316456,123.132911392405,123.049367088608,123.710126582278,122.756962025316,122.588607594937,123.518987341772,122.830379746835,122.991139240506,122.893670886076,123.030379746835,123.283544303797,123.111392405063,122.169620253165,123.355696202532,123.088607594937,123.167088607595,123.686075949367,122.472151898734,123.024050632911
"bootstrap_data_no2_vg_120-ppb_conex_D_run_22.csv","120-ppb",122.844303797468,122.481012658228,122.764556962025,122.382278481013,122.372151898734,122.763291139241,123.322784810127,122.89746835443,123.153164556962,122.815189873418,122.340506329114,122.889873417722,123.163291139241,123.146835443038,121.920253164557,122.872151898734,123.282278481013,122.636708860759,122.235443037975,123.09746835443
"bootstrap_data_no2_vg_120-ppb_conex_D_run_23.csv","120-ppb",123.201265822785,123.029113924051,122.569620253165,122.86582278481,122.415189873418,122.512658227848,122.412658227848,122.651898734177,122.925316455696,123.396202531646,122.918987341772,122.96582278481,123.545569620253,122.46835443038,123.218987341772,122.292405063291,123.203797468354,122.948101265823,123.122784810127,123.23164556962
"bootstrap_data_no2_vg_120-ppb_conex_D_run_24.csv","120-ppb",122.884810126582,122.69746835443,123.206329113924,122.482278481013,122.867088607595,122.562025316456,122.944303797468,123.321518987342,123.844303797468,122.662025316456,122.912658227848,121.982278481013,122.254430379747,122.550632911392,122.972151898734,123.851898734177,123.363291139241,123.470886075949,122.236708860759,122.932911392405
"bootstrap_data_no2_vg_120-ppb_conex_D_run_25.csv","120-ppb",122.836708860759,123.303797468354,122.567088607595,123.639240506329,123.035443037975,122.822784810127,121.908860759494,123.343037974684,122.30253164557,122.967088607595,123.408860759494,123.439240506329,123.101265822785,122.875949367089,122.840506329114,123.379746835443,123.141772151899,122.70253164557,122.840506329114,123.536708860759
"bootstrap_data_no2_vg_120-ppb_conex_D_run_26.csv","120-ppb",122.760759493671,123.359493670886,123.049367088608,122.575949367089,123.222784810127,122.30253164557,123.035443037975,122.5,122.625316455696,122.355696202532,123.294936708861,123.146835443038,123.222784810127,123.250632911392,123.477215189873,123.278481012658,122.730379746835,122.430379746835,122.551898734177,123.579746835443
"bootstrap_data_no2_vg_120-ppb_conex_D_run_27.csv","120-ppb",123.240506329114,123.394936708861,122.629113924051,123.172151898734,123.739240506329,123.045569620253,123.430379746835,123.143037974684,122.494936708861,123.243037974684,122.672151898734,123.082278481013,122.664556962025,123.044303797468,123.740506329114,122.869620253165,122.841772151899,122.515189873418,123.20253164557,122.66835443038
"bootstrap_data_no2_vg_120-ppb_conex_D_run_28.csv","120-ppb",123.1,122.564556962025,123.388607594937,122.864556962025,122.479746835443,123.425316455696,122.86582278481,123.239240506329,123.298734177215,123.146835443038,123.277215189873,123.108860759494,123.236708860759,123.305063291139,123.007594936709,122.684810126582,122.363291139241,122.781012658228,123.605063291139,123.369620253165
"bootstrap_data_no2_vg_120-ppb_conex_D_run_29.csv","120-ppb",122.611392405063,123.039240506329,123.441772151899,122.682278481013,123.151898734177,123.224050632911,122.317721518987,123.084810126582,123.311392405063,122.375949367089,122.616455696203,122.677215189873,122.489873417722,122.560759493671,122.19746835443,122.641772151899,122.236708860759,123.055696202532,122.887341772152,123.506329113924
"bootstrap_data_no2_vg_120-ppb_conex_D_run_3.csv","120-ppb",122.681012658228,123.112658227848,123.540506329114,122.981012658228,123.264556962025,122.353164556962,122.537974683544,123.505063291139,122.326582278481,123.406329113924,122.621518987342,124.056962025316,122.655696202532,122.529113924051,123.515189873418,123.249367088608,123.267088607595,122.548101265823,122.578481012658,122.416455696203
"bootstrap_data_no2_vg_120-ppb_conex_D_run_30.csv","120-ppb",122.672151898734,122.793670886076,122.937974683544,122.849367088608,123.478481012658,122.955696202532,123.145569620253,122.901265822785,122.841772151899,123.89746835443,122.469620253165,122.992405063291,123.715189873418,122.935443037975,123.236708860759,123.016455696203,122.664556962025,122.69746835443,122.994936708861,122.489873417722
"bootstrap_data_no2_vg_120-ppb_conex_D_run_4.csv","120-ppb",122.743037974684,123.172151898734,122.054430379747,122.89746835443,123.107594936709,123.489873417722,122.206329113924,122.829113924051,123.362025316456,123.175949367089,123.5,122.391139240506,123.427848101266,123.179746835443,123.005063291139,123.367088607595,122.403797468354,123.13417721519,122.251898734177,122.529113924051
"bootstrap_data_no2_vg_120-ppb_conex_D_run_5.csv","120-ppb",123.035443037975,122.741772151899,122.803797468354,121.851898734177,123.19746835443,123.378481012658,123.4,123.343037974684,123.13417721519,123.23164556962,123.082278481013,122.612658227848,123.078481012658,122.837974683544,122.430379746835,122.963291139241,123.183544303797,122.683544303797,122.577215189873,122.320253164557
"bootstrap_data_no2_vg_120-ppb_conex_D_run_6.csv","120-ppb",122.687341772152,122.625316455696,123.307594936709,123.178481012658,123.360759493671,122.686075949367,122.898734177215,122.812658227848,122.586075949367,123.010126582278,123.156962025316,122.987341772152,122.841772151899,123.787341772152,122.210126582278,123.450632911392,122.967088607595,122.939240506329,123.183544303797,122.927848101266
"bootstrap_data_no2_vg_120-ppb_conex_D_run_7.csv","120-ppb",123.162025316456,122.444303797468,123.145569620253,122.806329113924,123.049367088608,122.66582278481,122.369620253165,123.082278481013,122.46582278481,122.836708860759,122.006329113924,123.129113924051,123.437974683544,123.593670886076,123.183544303797,122.743037974684,122.23417721519,122.435443037975,123.130379746835,122.49746835443
"bootstrap_data_no2_vg_120-ppb_conex_D_run_8.csv","120-ppb",123.401265822785,122.929113924051,122.615189873418,123.689873417722,122.562025316456,123.040506329114,122.845569620253,122.763291139241,123.153164556962,122.898734177215,122.910126582278,122.293670886076,122.540506329114,123.350632911392,122.201265822785,122.994936708861,122.755696202532,122.730379746835,123.320253164557,123.237974683544
"bootstrap_data_no2_vg_120-ppb_conex_D_run_9.csv","120-ppb",122.675949367089,123.189873417722,122.808860759494,123.330379746835,123.16835443038,122.062025316456,122.951898734177,123.283544303797,123.689873417722,122.29746835443,122.941772151899,123.310126582278,123.236708860759,122.350632911392,122.745569620253,122.750632911392,123.159493670886,123.136708860759,123.116455696203,122.763291139241
"bootstrap_data_no2_vg_30-ppb_conex_D_run_1.csv","30-ppb",32.9370238095238,32.8486904761905,32.9469047619048,32.9192857142857,32.9058333333333,32.9207142857143,32.9153571428571,32.9667857142857,32.9291666666667,32.8639285714286,32.9146428571429,32.8938095238095,32.8978571428571,32.8746428571429,32.939880952381,32.8777380952381,32.9646428571429,32.8538095238095,32.8878571428571,32.8471428571429
"bootstrap_data_no2_vg_30-ppb_conex_D_run_10.csv","30-ppb",32.9239285714286,32.8196428571429,32.9613095238095,32.9135714285714,32.8984523809524,32.8833333333333,32.8609523809524,32.9164285714286,32.9364285714286,32.9417857142857,32.9341666666667,32.9422619047619,32.8861904761905,32.8833333333333,32.9467857142857,32.8838095238095,32.8660714285714,32.9366666666667,32.9196428571429,32.8461904761905
"bootstrap_data_no2_vg_30-ppb_conex_D_run_11.csv","30-ppb",32.9260714285714,32.8992857142857,32.8607142857143,32.9685714285714,32.9105952380952,32.9307142857143,32.7759523809524,32.9264285714286,32.8733333333333,32.9253571428571,32.9505952380952,32.9626190476191,32.9259523809524,32.9371428571429,32.9377380952381,32.9367857142857,32.9358333333333,32.9328571428571,32.9558333333333,32.9183333333333
"bootstrap_data_no2_vg_30-ppb_conex_D_run_12.csv","30-ppb",32.9930952380952,32.9564285714286,32.9189285714286,32.9545238095238,32.9151190476191,32.8416666666667,32.9520238095238,32.8942857142857,32.9930952380952,32.9167857142857,33.030119047619,32.9771428571429,32.8627380952381,32.9172619047619,32.9803571428571,32.9017857142857,32.8711904761905,32.8735714285714,32.8432142857143,32.895119047619
"bootstrap_data_no2_vg_30-ppb_conex_D_run_13.csv","30-ppb",32.9678571428571,32.9260714285714,32.8852380952381,32.955119047619,32.920119047619,33.0003571428571,32.9007142857143,32.8766666666667,32.942380952381,32.8747619047619,32.9308333333333,32.9272619047619,32.8972619047619,32.9315476190476,32.8889285714286,32.9084523809524,32.8854761904762,32.9121428571429,32.9053571428571,32.8933333333333
"bootstrap_data_no2_vg_30-ppb_conex_D_run_14.csv","30-ppb",32.8536904761905,32.9041666666667,32.9157142857143,32.9011904761905,33.0025,32.9617857142857,32.9292857142857,32.9769047619048,33.0041666666667,32.8928571428571,32.9136904761905,32.9471428571429,32.9307142857143,32.9717857142857,32.9584523809524,32.8552380952381,32.9334523809524,32.9115476190476,32.9940476190476,32.8780952380952
"bootstrap_data_no2_vg_30-ppb_conex_D_run_15.csv","30-ppb",32.8482142857143,32.8691666666667,32.8758333333333,32.892619047619,32.9759523809524,32.9495238095238,32.9088095238095,32.8666666666667,32.8786904761905,32.9160714285714,32.8983333333333,32.9780952380952,32.9114285714286,32.8970238095238,32.9972619047619,33.0052380952381,32.8295238095238,32.8809523809524,32.9078571428571,32.8553571428571
"bootstrap_data_no2_vg_30-ppb_conex_D_run_16.csv","30-ppb",32.9633333333333,32.8641666666667,32.9329761904762,32.960119047619,32.9733333333333,32.8672619047619,32.8982142857143,32.9147619047619,32.8608333333333,32.8610714285714,32.8966666666667,32.8521428571429,32.8895238095238,32.8903571428571,32.9604761904762,32.8502380952381,32.8654761904762,32.93,32.927619047619,32.9596428571429
"bootstrap_data_no2_vg_30-ppb_conex_D_run_17.csv","30-ppb",32.9307142857143,32.9286904761905,32.8935714285714,32.8736904761905,32.8890476190476,32.939880952381,32.9319047619048,32.9411904761905,32.8829761904762,32.9235714285714,32.9605952380952,32.9777380952381,32.9440476190476,32.9135714285714,32.9197619047619,32.9455952380952,32.955,32.9289285714286,32.9788095238095,32.892380952381
"bootstrap_data_no2_vg_30-ppb_conex_D_run_18.csv","30-ppb",32.8679761904762,32.9203571428571,32.9092857142857,32.9033333333333,32.9339285714286,32.8465476190476,32.9746428571429,32.8902380952381,32.9502380952381,32.9684523809524,32.9238095238095,32.8825,32.8897619047619,32.9039285714286,32.9190476190476,32.9284523809524,32.9134523809524,32.9438095238095,32.9994047619048,32.905
"bootstrap_data_no2_vg_30-ppb_conex_D_run_19.csv","30-ppb",32.8244047619048,32.9290476190476,32.934880952381,32.8945238095238,32.9253571428571,32.8809523809524,32.9588095238095,32.885,32.8666666666667,32.9933333333333,32.9091666666667,32.94,32.8921428571429,32.8991666666667,32.8996428571429,32.9102380952381,32.9494047619048,32.8394047619048,32.9222619047619,32.9217857142857
"bootstrap_data_no2_vg_30-ppb_conex_D_run_2.csv","30-ppb",32.9142857142857,32.9341666666667,32.9794047619048,32.8969047619048,32.9210714285714,32.8959523809524,32.9395238095238,32.892619047619,32.8378571428571,32.9266666666667,32.8858333333333,32.8877380952381,32.9242857142857,32.9460714285714,32.9440476190476,32.9158333333333,32.9720238095238,32.924880952381,32.9545238095238,32.9670238095238
"bootstrap_data_no2_vg_30-ppb_conex_D_run_20.csv","30-ppb",32.9302380952381,32.8396428571429,32.9491666666667,32.8745238095238,32.8980952380952,32.9092857142857,32.9382142857143,32.9478571428571,32.9569047619048,32.8788095238095,32.8596428571429,32.9029761904762,32.9683333333333,32.897619047619,32.8867857142857,32.8958333333333,32.9142857142857,32.9808333333333,32.8952380952381,32.9002380952381
"bootstrap_data_no2_vg_30-ppb_conex_D_run_21.csv","30-ppb",32.9395238095238,32.9063095238095,32.8685714285714,32.9691666666667,32.9577380952381,32.8967857142857,32.8958333333333,32.9175,32.9395238095238,32.9565476190476,32.9091666666667,32.9210714285714,32.8302380952381,32.9297619047619,32.9076190476191,32.9416666666667,32.9267857142857,32.9616666666667,32.9319047619048,32.8552380952381
"bootstrap_data_no2_vg_30-ppb_conex_D_run_22.csv","30-ppb",32.8522619047619,32.8984523809524,32.9267857142857,32.9546428571429,32.8630952380952,32.9332142857143,32.9721428571429,32.9028571428571,32.955119047619,32.8879761904762,32.9278571428571,32.9188095238095,32.9047619047619,32.8959523809524,32.9058333333333,32.9244047619048,32.9242857142857,32.874880952381,32.8759523809524,32.9533333333333
"bootstrap_data_no2_vg_30-ppb_conex_D_run_23.csv","30-ppb",32.9119047619048,32.9644047619048,32.8975,32.9151190476191,32.9452380952381,32.9247619047619,32.9538095238095,32.8271428571429,32.8942857142857,32.9389285714286,32.914880952381,32.975,32.9269047619048,32.8358333333333,32.950119047619,32.8617857142857,33.0069047619048,32.840119047619,32.8936904761905,33.0373809523809
"bootstrap_data_no2_vg_30-ppb_conex_D_run_24.csv","30-ppb",32.9658333333333,32.819880952381,32.9910714285714,32.88,32.8633333333333,32.9216666666667,32.8615476190476,32.9319047619048,32.9294047619048,32.9528571428571,32.842619047619,32.8545238095238,32.9783333333333,32.9117857142857,32.8827380952381,32.9177380952381,32.8775,32.912619047619,32.9819047619048,32.8988095238095
"bootstrap_data_no2_vg_30-ppb_conex_D_run_25.csv","30-ppb",32.9075,32.9259523809524,32.872380952381,32.9228571428571,32.8555952380952,32.8694047619048,32.8555952380952,32.9569047619048,32.9719047619048,32.9084523809524,32.9125,32.89,32.9239285714286,32.937380952381,32.9002380952381,32.9075,32.9553571428571,32.9054761904762,32.8909523809524,32.9594047619048
"bootstrap_data_no2_vg_30-ppb_conex_D_run_26.csv","30-ppb",32.9052380952381,32.9596428571429,32.8742857142857,32.7919047619048,32.9458333333333,32.9141666666667,32.9070238095238,32.9266666666667,32.912619047619,32.8096428571429,32.8892857142857,32.9739285714286,32.9240476190476,32.8833333333333,32.8582142857143,32.9672619047619,32.8853571428571,32.9120238095238,32.9185714285714,32.8769047619048
"bootstrap_data_no2_vg_30-ppb_conex_D_run_27.csv","30-ppb",32.875,32.9442857142857,32.8861904761905,32.8396428571429,32.8579761904762,32.9057142857143,32.8902380952381,32.9207142857143,32.9170238095238,32.9158333333333,32.9242857142857,32.8980952380952,32.8939285714286,32.8977380952381,32.8860714285714,32.9286904761905,32.9691666666667,32.8714285714286,32.9471428571429,32.9389285714286
"bootstrap_data_no2_vg_30-ppb_conex_D_run_28.csv","30-ppb",32.9675,33.0045238095238,32.9784523809524,32.9829761904762,32.937380952381,32.9421428571429,32.9146428571429,32.9445238095238,32.9214285714286,32.9358333333333,32.9048809523809,32.9111904761905,32.8489285714286,32.8952380952381,32.8822619047619,32.8565476190476,32.9633333333333,33.0091666666667,32.8878571428571,32.9207142857143
"bootstrap_data_no2_vg_30-ppb_conex_D_run_29.csv","30-ppb",32.9325,32.9095238095238,32.8804761904762,32.8802380952381,32.9688095238095,32.9408333333333,33.0478571428571,32.9388095238095,32.9135714285714,32.9829761904762,32.9360714285714,32.9507142857143,32.9209523809524,32.8545238095238,32.9003571428571,32.8721428571429,32.8408333333333,32.9878571428571,32.9538095238095,32.932619047619
"bootstrap_data_no2_vg_30-ppb_conex_D_run_3.csv","30-ppb",32.9029761904762,32.909880952381,32.8702380952381,32.9927380952381,32.8917857142857,32.9742857142857,32.9325,32.8575,32.9355952380952,32.9516666666667,32.9134523809524,32.9296428571429,32.892619047619,32.8595238095238,32.8758333333333,32.9151190476191,32.9702380952381,32.9172619047619,32.9066666666667,32.9292857142857
"bootstrap_data_no2_vg_30-ppb_conex_D_run_30.csv","30-ppb",32.9915476190476,33.0155952380952,32.8571428571429,32.9315476190476,32.9664285714286,32.9403571428571,32.9559523809524,32.95,32.8995238095238,32.8792857142857,32.885119047619,32.9613095238095,32.9453571428571,32.9439285714286,32.9369047619048,32.9111904761905,32.9832142857143,32.9338095238095,32.8871428571429,32.9345238095238
"bootstrap_data_no2_vg_30-ppb_conex_D_run_4.csv","30-ppb",32.949880952381,32.8559523809524,32.975,32.9238095238095,32.9422619047619,32.9446428571429,32.9608333333333,32.8822619047619,32.9009523809524,32.8646428571429,32.9779761904762,32.9040476190476,32.9203571428571,32.9653571428571,32.902619047619,32.9360714285714,32.8695238095238,32.9592857142857,32.914880952381,32.8980952380952
"bootstrap_data_no2_vg_30-ppb_conex_D_run_5.csv","30-ppb",32.8666666666667,32.8708333333333,33.01,32.9258333333333,32.9315476190476,32.9328571428571,32.8702380952381,32.8675,32.9014285714286,32.9177380952381,32.8679761904762,32.9136904761905,32.952619047619,32.9435714285714,32.9266666666667,32.8985714285714,32.9678571428571,32.9658333333333,32.8660714285714,32.9814285714286
"bootstrap_data_no2_vg_30-ppb_conex_D_run_6.csv","30-ppb",32.9683333333333,32.9465476190476,32.8961904761905,32.9058333333333,32.8522619047619,32.9570238095238,32.8995238095238,32.9915476190476,32.9088095238095,32.9705952380952,32.930119047619,32.8866666666667,32.9134523809524,32.9170238095238,32.9030952380952,32.8938095238095,32.8342857142857,32.9471428571429,32.937380952381,32.8904761904762
"bootstrap_data_no2_vg_30-ppb_conex_D_run_7.csv","30-ppb",32.92,32.9048809523809,32.8741666666667,32.9642857142857,32.9305952380952,32.9319047619048,32.909880952381,32.9372619047619,32.8878571428571,32.9492857142857,32.855,32.8860714285714,32.8880952380952,32.9771428571429,32.9966666666667,32.9290476190476,32.8515476190476,32.9952380952381,32.9432142857143,32.9536904761905
"bootstrap_data_no2_vg_30-ppb_conex_D_run_8.csv","30-ppb",32.9015476190476,32.9097619047619,32.9380952380952,32.8973809523809,32.8891666666667,32.9578571428571,32.8973809523809,32.9652380952381,32.9029761904762,32.8785714285714,32.8680952380952,32.9061904761905,32.8897619047619,32.880119047619,32.9422619047619,32.9652380952381,32.8917857142857,32.9595238095238,32.9307142857143,32.9775
"bootstrap_data_no2_vg_30-ppb_conex_D_run_9.csv","30-ppb",32.9582142857143,32.902380952381,32.8647619047619,32.8583333333333,32.9458333333333,32.8771428571429,32.9610714285714,32.9471428571429,32.8877380952381,32.9555952380952,32.9577380952381,32.9552380952381,32.8111904761905,32.9046428571429,32.8475,32.9575,32.9710714285714,32.9628571428571,32.8929761904762,32.8655952380952
"bootstrap_data_no2_vg_60-ppb_conex_D_run_1.csv","60-ppb",65.3206593406593,65.2694505494506,65.0105494505494,64.6857142857143,64.8327472527473,64.5495604395604,65.0294505494505,64.5789010989011,65.1526373626374,64.0769230769231,64.8530769230769,65.0154945054945,64.8010989010989,65.53,64.7857142857143,64.7984615384615,65.0085714285714,64.8195604395604,65.0323076923077,64.5734065934066
"bootstrap_data_no2_vg_60-ppb_conex_D_run_10.csv","60-ppb",65.0546153846154,65.4585714285714,65.0763736263736,64.8281318681319,65.2265934065934,64.8275824175824,65.1269230769231,64.6645054945055,65.4784615384615,64.7661538461538,64.5828571428571,64.7316483516483,64.9156043956044,64.9012087912088,64.7602197802198,64.9530769230769,64.8961538461539,65.0010989010989,65.3796703296703,65.2953846153846
"bootstrap_data_no2_vg_60-ppb_conex_D_run_11.csv","60-ppb",64.5624175824176,65.1812087912088,64.8061538461538,65.1568131868132,65.3108791208791,64.7810989010989,65.0114285714286,64.7535164835165,65.0479120879121,65.5727472527472,65.2804395604396,64.8386813186813,65.1727472527473,65.26,64.9793406593407,65.0715384615385,65.3823076923077,65.1716483516484,64.8875824175824,64.9253846153846
"bootstrap_data_no2_vg_60-ppb_conex_D_run_12.csv","60-ppb",65.0401098901099,64.9886813186813,65.0758241758242,64.7420879120879,64.5572527472527,65.2608791208791,65.4082417582418,64.3984615384615,65.0464835164835,65.5557142857143,65.1579120879121,65.0098901098901,64.6246153846154,65.0645054945055,64.5463736263736,64.9268131868132,64.9325274725275,64.9750549450549,64.826043956044,65.1018681318681
"bootstrap_data_no2_vg_60-ppb_conex_D_run_13.csv","60-ppb",64.3535164835165,64.9368131868132,65.1702197802198,64.9824175824176,65.3854945054945,64.861978021978,65.0839560439561,64.8024175824176,65.2916483516483,65.2654945054945,65.2934065934066,65.0830769230769,64.9346153846154,64.431978021978,64.8872527472527,64.7730769230769,65.0720879120879,65.0861538461538,65.4521978021978,64.9553846153846
"bootstrap_data_no2_vg_60-ppb_conex_D_run_14.csv","60-ppb",64.6838461538461,65.3265934065934,64.9298901098901,65.2098901098901,64.7905494505494,65.0662637362637,65.4004395604396,64.7295604395604,65.0552747252747,64.4704395604396,64.931978021978,65.0734065934066,65.1854945054945,65.3535164835165,65.309010989011,64.5340659340659,64.679010989011,64.8012087912088,64.9691208791209,64.9830769230769
"bootstrap_data_no2_vg_60-ppb_conex_D_run_15.csv","60-ppb",65.0185714285714,64.8289010989011,65.1279120879121,64.8186813186813,64.8603296703297,65.0438461538462,65.2075824175824,65.3269230769231,64.256043956044,64.7913186813187,64.7859340659341,65.0307692307692,65.3686813186813,65.0192307692308,64.7487912087912,64.7459340659341,64.9474725274725,64.9842857142857,64.587032967033,64.7378021978022
"bootstrap_data_no2_vg_60-ppb_conex_D_run_16.csv","60-ppb",64.899010989011,65.5665934065934,65.1684615384615,65.1881318681319,64.8525274725275,64.9896703296703,64.5882417582418,64.4963736263736,64.4378021978022,64.9716483516484,64.9857142857143,65.320989010989,65.4112087912088,65.1553846153846,65.2531868131868,64.4001098901099,64.7608791208791,65.0917582417582,64.8914285714286,64.9469230769231
"bootstrap_data_no2_vg_60-ppb_conex_D_run_17.csv","60-ppb",65.122967032967,65.0769230769231,64.5720879120879,64.9289010989011,65.0724175824176,64.9472527472527,64.7662637362637,64.9216483516484,64.9472527472527,65.1435164835165,64.7840659340659,65.2840659340659,64.7562637362637,65.0042857142857,65.0314285714286,65.0532967032967,65.340989010989,64.9362637362637,65.059010989011,64.9143956043956
"bootstrap_data_no2_vg_60-ppb_conex_D_run_18.csv","60-ppb",64.8234065934066,64.8184615384615,65.2446153846154,64.7295604395604,64.8491208791209,64.671978021978,64.7792307692308,65.1850549450549,64.872967032967,64.8672527472527,64.7783516483516,65.0403296703297,65.0652747252747,65.3959340659341,65.1364835164835,64.7813186813187,65.0426373626374,64.6778021978022,64.8365934065934,64.7497802197802
"bootstrap_data_no2_vg_60-ppb_conex_D_run_19.csv","60-ppb",64.702967032967,65.255054945055,65.0086813186813,65.0915384615385,64.8157142857143,65.2967032967033,64.8731868131868,64.7575824175824,64.8339560439561,65.1226373626374,64.7250549450549,64.9497802197802,64.9524175824176,65.1462637362637,64.7007692307692,65.0908791208791,65.0074725274725,64.8410989010989,65.1413186813187,64.2985714285714
"bootstrap_data_no2_vg_60-ppb_conex_D_run_2.csv","60-ppb",65.3279120879121,65.1887912087912,65.3123076923077,64.7987912087912,64.8183516483517,65.089010989011,64.933956043956,65.107032967033,64.7094505494506,64.9203296703297,64.5869230769231,65.0597802197802,65.461978021978,64.873956043956,64.4102197802198,64.8318681318681,64.3326373626374,64.8463736263736,65.2505494505495,65.1541758241758
"bootstrap_data_no2_vg_60-ppb_conex_D_run_20.csv","60-ppb",64.3469230769231,65.2738461538462,64.8523076923077,65.2208791208791,65.0991208791209,64.6089010989011,65.0303296703297,64.6715384615385,64.6804395604396,64.6337362637363,65.0120879120879,65.3635164835165,65.5347252747253,64.9765934065934,64.9325274725275,64.7806593406593,64.8447252747253,65.3481318681319,65.0785714285714,65.1617582417582
"bootstrap_data_no2_vg_60-ppb_conex_D_run_21.csv","60-ppb",65.2342857142857,65.0042857142857,64.8392307692308,64.9281318681319,65.2934065934066,64.9567032967033,64.6520879120879,64.8015384615385,65.149010989011,65.1646153846154,64.6240659340659,64.6275824175824,65.0078021978022,65.4203296703297,64.8747252747253,64.9456043956044,65.0506593406593,65.1318681318681,65.5243956043956,65.499010989011
"bootstrap_data_no2_vg_60-ppb_conex_D_run_22.csv","60-ppb",64.502967032967,64.8853846153846,65.4447252747253,65.0114285714286,64.9291208791209,64.9264835164835,64.7068131868132,64.7527472527473,64.5207692307692,65.2126373626374,64.8508791208791,64.947032967033,65.180989010989,64.5678021978022,64.4335164835165,65.1067032967033,64.931978021978,64.7452747252747,64.5778021978022,65.2893406593407
"bootstrap_data_no2_vg_60-ppb_conex_D_run_23.csv","60-ppb",65.0383516483517,65.0135164835165,65.0156043956044,65.0907692307692,65.0703296703297,64.7459340659341,65.030989010989,64.4330769230769,65.6726373626374,65.2104395604396,65.1638461538462,65.2191208791209,64.9441758241758,65.182967032967,64.7313186813187,64.6485714285714,64.9121978021978,64.9537362637363,64.8692307692308,64.9736263736264
"bootstrap_data_no2_vg_60-ppb_conex_D_run_24.csv","60-ppb",65.1730769230769,64.7252747252747,65.221978021978,64.6636263736264,64.9063736263736,64.7332967032967,64.8191208791209,65.0285714285714,65.1879120879121,64.9007692307692,64.8162637362637,64.7595604395604,65.0885714285714,64.8335164835165,65.1438461538462,65.0061538461539,65.3307692307692,65.1773626373626,65.1163736263736,64.8684615384615
"bootstrap_data_no2_vg_60-ppb_conex_D_run_25.csv","60-ppb",64.8692307692308,64.6541758241758,64.4374725274725,65.0185714285714,65.4736263736264,64.649010989011,64.9065934065934,65.1181318681319,65.1754945054945,65.199010989011,64.6256043956044,64.7558241758242,65.4752747252747,64.4221978021978,64.912967032967,65.4128571428571,65.0918681318681,65.0302197802198,65.4114285714286,65.1373626373626
"bootstrap_data_no2_vg_60-ppb_conex_D_run_26.csv","60-ppb",65.5689010989011,65.2374725274725,64.8217582417582,64.8693406593407,65.0216483516484,65.1807692307692,64.8679120879121,64.8367032967033,64.8372527472527,65.3140659340659,65.1658241758242,65.4034065934066,64.7645054945055,65.4672527472527,64.6761538461539,65.0673626373626,65.5045054945055,64.9671428571429,65.3543956043956,64.7236263736264
"bootstrap_data_no2_vg_60-ppb_conex_D_run_27.csv","60-ppb",65.2696703296703,64.8517582417582,64.7947252747253,65.0226373626374,64.9276923076923,65.2964835164835,65.4615384615385,64.8868131868132,64.9574725274725,65.2547252747253,64.9163736263736,64.8692307692308,65.0384615384615,64.7035164835165,65.0943956043956,65.1608791208791,64.5894505494505,65.2998901098901,65.0406593406593,65.3301098901099
"bootstrap_data_no2_vg_60-ppb_conex_D_run_28.csv","60-ppb",65.2630769230769,64.9101098901099,65.2169230769231,65.2006593406593,64.9772527472527,64.4865934065934,64.5847252747253,65.1874725274725,64.852967032967,64.4589010989011,64.8401098901099,65.0105494505494,64.989010989011,64.8469230769231,64.9716483516484,65.0834065934066,64.7926373626374,65.0981318681319,64.5635164835165,64.8920879120879
"bootstrap_data_no2_vg_60-ppb_conex_D_run_29.csv","60-ppb",65.1524175824176,64.7343956043956,64.9732967032967,65.2372527472528,64.8415384615385,64.5818681318681,65.3874725274725,64.360989010989,64.9617582417582,65.1806593406593,65.2672527472528,64.6594505494506,64.8176923076923,64.5523076923077,65.271978021978,65.1535164835165,65.1408791208791,65.0163736263736,65.0125274725275,65.4592307692308
"bootstrap_data_no2_vg_60-ppb_conex_D_run_3.csv","60-ppb",65.0434065934066,64.7472527472527,64.7657142857143,65.0883516483516,65.5337362637363,64.8515384615385,65.1415384615385,64.1735164835165,64.8889010989011,64.7257142857143,65.4281318681319,65.1156043956044,65.0982417582418,64.8486813186813,65.0552747252747,64.9068131868132,65.0601098901099,65.0227472527473,65.3537362637363,65.2949450549451
"bootstrap_data_no2_vg_60-ppb_conex_D_run_30.csv","60-ppb",64.719010989011,65.1167032967033,65.149010989011,64.9310989010989,64.5052747252747,64.5096703296703,65.4516483516484,65.052967032967,64.3435164835165,64.9549450549451,64.9654945054945,65.011978021978,65.3321978021978,65.1098901098901,64.9951648351648,65.1213186813187,64.8974725274725,65.3064835164835,65.1506593406593,64.7056043956044
"bootstrap_data_no2_vg_60-ppb_conex_D_run_4.csv","60-ppb",64.8787912087912,65.4791208791209,65.1306593406593,65.1306593406593,65.1665934065934,64.7496703296703,64.7216483516484,64.7256043956044,64.9558241758242,65.1714285714286,64.8196703296703,64.976043956044,64.7538461538462,64.7234065934066,64.7947252747253,64.6183516483516,64.841978021978,64.9495604395604,64.8667032967033,64.3247252747253
"bootstrap_data_no2_vg_60-ppb_conex_D_run_5.csv","60-ppb",64.9223076923077,64.7603296703297,65.3606593406593,65.0804395604396,65.446043956044,64.7327472527473,64.4042857142857,65.0662637362637,64.5296703296703,65.0546153846154,64.9301098901099,64.740989010989,64.4010989010989,64.7134065934066,65.0315384615385,64.7585714285714,65.1153846153846,65.351978021978,64.6191208791209,64.9374725274725
"bootstrap_data_no2_vg_60-ppb_conex_D_run_6.csv","60-ppb",64.6950549450549,64.993956043956,64.8316483516484,65.0808791208791,64.940989010989,65.3050549450549,65.0453846153846,65.2362637362637,64.872967032967,65.1117582417582,64.9336263736264,65.2298901098901,65.147032967033,64.7532967032967,65.3741758241758,64.9475824175824,65.0814285714286,64.9932967032967,65.4984615384615,65.2594505494505
"bootstrap_data_no2_vg_60-ppb_conex_D_run_7.csv","60-ppb",64.9567032967033,64.6875824175824,65.0525274725275,65.1864835164835,65.2669230769231,65.2482417582418,64.601978021978,64.7216483516484,65.1302197802198,64.6662637362637,65.0667032967033,64.7230769230769,64.4475824175824,64.7875824175824,65.1675824175824,64.9416483516484,64.9083516483517,65.2596703296703,64.9002197802198,64.8504395604396
"bootstrap_data_no2_vg_60-ppb_conex_D_run_8.csv","60-ppb",64.5992307692308,64.6830769230769,65.0127472527472,64.9707692307692,65.0449450549451,65.1346153846154,65.0591208791209,64.7751648351648,65.0148351648352,65.0664835164835,64.7610989010989,64.7147252747253,64.9204395604396,64.5221978021978,65.3585714285714,64.9438461538462,64.9332967032967,64.7172527472527,65.0324175824176,64.9018681318681
"bootstrap_data_no2_vg_60-ppb_conex_D_run_9.csv","60-ppb",64.8134065934066,65.2058241758242,64.9020879120879,65.0101098901099,65.0802197802198,65.2594505494505,65.2458241758242,64.8628571428571,65.2179120879121,65.177032967033,65.0084615384615,65.1751648351648,64.8987912087912,65.0310989010989,64.5708791208791,64.962967032967,65.3323076923077,65.0663736263736,64.6352747252747,64.6991208791209
"bootstrap_data_no2_vg_90-ppb_conex_D_run_1.csv","90-ppb",96.8070930232558,96.8141860465116,96.8262790697674,96.8075581395349,96.8713953488372,96.8098837209302,96.8362790697674,96.7244186046512,96.788488372093,96.8402325581395,96.8173255813954,96.8222093023256,96.8395348837209,96.8470930232558,96.8659302325581,96.866511627907,96.7929069767442,96.8137209302326,96.8137209302326,96.8868604651163
"bootstrap_data_no2_vg_90-ppb_conex_D_run_10.csv","90-ppb",96.8294186046512,96.8281395348837,96.875,96.7890697674419,96.7818604651163,96.853488372093,96.878488372093,96.8526744186046,96.8151162790698,96.8683720930233,96.8813953488372,96.8445348837209,96.9058139534884,96.8117441860465,96.8846511627907,96.9403488372093,96.7783720930233,96.8037209302326,96.8593023255814,96.8077906976744
"bootstrap_data_no2_vg_90-ppb_conex_D_run_11.csv","90-ppb",96.8329069767442,96.8488372093023,96.7841860465116,96.7897674418605,96.8479069767442,96.8082558139535,96.863023255814,96.8139534883721,96.891511627907,96.7787209302326,96.8082558139535,96.878023255814,96.8886046511628,96.7993023255814,96.8562790697674,96.841511627907,96.7641860465116,96.8538372093023,96.8420930232558,96.8276744186046
"bootstrap_data_no2_vg_90-ppb_conex_D_run_12.csv","90-ppb",96.8273255813953,96.7666279069767,96.8177906976744,96.8255813953488,96.7517441860465,96.8097674418605,96.8420930232558,96.8402325581395,96.9338372093023,96.8677906976744,96.8273255813953,96.8654651162791,96.8254651162791,96.8332558139535,96.8631395348837,96.826511627907,96.8759302325581,96.843023255814,96.8556976744186,96.9148837209302
"bootstrap_data_no2_vg_90-ppb_conex_D_run_13.csv","90-ppb",96.91,96.8402325581395,96.8529069767442,96.8296511627907,96.8202325581395,96.8860465116279,96.8416279069767,96.8270930232558,96.8632558139535,96.8648837209302,96.9224418604651,96.8427906976744,96.8509302325581,96.8009302325581,96.7833720930233,96.8801162790698,96.8609302325581,96.8697674418605,96.8123255813953,96.8604651162791
"bootstrap_data_no2_vg_90-ppb_conex_D_run_14.csv","90-ppb",96.8397674418605,96.7866279069767,96.8197674418605,96.8775581395349,96.8093023255814,96.8327906976744,96.828488372093,96.8145348837209,96.906976744186,96.8559302325581,96.8325581395349,96.8058139534884,96.8360465116279,96.7883720930233,96.8825581395349,96.8790697674419,96.9047674418605,96.7930232558139,96.8236046511628,96.8333720930233
"bootstrap_data_no2_vg_90-ppb_conex_D_run_15.csv","90-ppb",96.8563953488372,96.8458139534884,96.7966279069767,96.8609302325581,96.8320930232558,96.8141860465116,96.8132558139535,96.8863953488372,96.8787209302326,96.8639534883721,96.7933720930233,96.8211627906977,96.8208139534884,96.8729069767442,96.8620930232558,96.8696511627907,96.8645348837209,96.7518604651163,96.8416279069767,96.8468604651163
"bootstrap_data_no2_vg_90-ppb_conex_D_run_16.csv","90-ppb",96.8263953488372,96.8654651162791,96.7940697674419,96.8112790697674,96.8446511627907,96.8327906976744,96.7988372093023,96.8808139534884,96.7945348837209,96.8488372093023,96.7809302325581,96.8427906976744,96.8481395348837,96.8188372093023,96.8420930232558,96.8632558139535,96.8848837209302,96.7990697674419,96.866976744186,96.8761627906977
"bootstrap_data_no2_vg_90-ppb_conex_D_run_17.csv","90-ppb",96.8652325581395,96.8225581395349,96.7396511627907,96.8211627906977,96.7524418604651,96.7591860465116,96.8258139534884,96.831511627907,96.9103488372093,96.9173255813953,96.7722093023256,96.8472093023256,96.9118604651163,96.8613953488372,96.8652325581395,96.825,96.8691860465116,96.818488372093,96.8747674418605,96.8196511627907
"bootstrap_data_no2_vg_90-ppb_conex_D_run_18.csv","90-ppb",96.8333720930233,96.8268604651163,96.8505813953488,96.8451162790698,96.8577906976744,96.8244186046512,96.8209302325581,96.8356976744186,96.8188372093023,96.7712790697674,96.8088372093023,96.8452325581395,96.8254651162791,96.8443023255814,96.8423255813953,96.8812790697674,96.8511627906977,96.778488372093,96.836976744186,96.7226744186047
"bootstrap_data_no2_vg_90-ppb_conex_D_run_19.csv","90-ppb",96.9054651162791,96.8801162790698,96.9339534883721,96.7989534883721,96.8461627906977,96.9089534883721,96.7944186046512,96.8804651162791,96.8251162790698,96.8518604651163,96.8375581395349,96.8240697674419,96.8511627906977,96.8736046511628,96.8818604651163,96.8866279069767,96.8260465116279,96.8496511627907,96.8396511627907,96.8903488372093
"bootstrap_data_no2_vg_90-ppb_conex_D_run_2.csv","90-ppb",96.8946511627907,96.8262790697674,96.8896511627907,96.803488372093,96.8895348837209,96.8091860465116,96.8593023255814,96.8375581395349,96.8168604651163,96.8675581395349,96.8204651162791,96.8620930232558,96.866976744186,96.7593023255814,96.9205813953488,96.8176744186047,96.8491860465116,96.8740697674419,96.8031395348837,96.7922093023256
"bootstrap_data_no2_vg_90-ppb_conex_D_run_20.csv","90-ppb",96.8217441860465,96.8113953488372,96.9329069767442,96.8781395348837,96.8082558139535,96.816511627907,96.7951162790698,96.8622093023256,96.8160465116279,96.9373255813953,96.8582558139535,96.8111627906977,96.8512790697674,96.8420930232558,96.806511627907,96.8526744186046,96.8789534883721,96.7874418604651,96.8072093023256,96.908488372093
"bootstrap_data_no2_vg_90-ppb_conex_D_run_21.csv","90-ppb",96.8588372093023,96.8505813953488,96.8824418604651,96.8094186046512,96.7966279069767,96.9132558139535,96.9122093023256,96.8156976744186,96.8855813953488,96.8136046511628,96.7798837209302,96.7327906976744,96.8462790697674,96.8304651162791,96.8455813953488,96.7967441860465,96.8143023255814,96.855,96.8941860465116,96.9304651162791
"bootstrap_data_no2_vg_90-ppb_conex_D_run_22.csv","90-ppb",96.8386046511628,96.823023255814,96.8191860465116,96.8633720930233,96.8479069767442,96.8933720930233,96.8262790697674,96.8405813953488,96.8089534883721,96.8639534883721,96.8660465116279,96.9274418604651,96.8845348837209,96.8319767441861,96.8367441860465,96.9232558139535,96.7726744186047,96.8094186046512,96.87,96.845
"bootstrap_data_no2_vg_90-ppb_conex_D_run_23.csv","90-ppb",96.7832558139535,96.8532558139535,96.8425581395349,96.8996511627907,96.7682558139535,96.8646511627907,96.8718604651163,96.8153488372093,96.9166279069767,96.8172093023256,96.8804651162791,96.7922093023256,96.8267441860465,96.8740697674419,96.8601162790698,96.8741860465116,96.831511627907,96.796511627907,96.8046511627907,96.8087209302326
"bootstrap_data_no2_vg_90-ppb_conex_D_run_24.csv","90-ppb",96.8694186046512,96.8361627906977,96.9129069767442,96.8379069767442,96.7903488372093,96.8625581395349,96.8006976744186,96.8859302325581,96.7470930232558,96.8786046511628,96.8359302325581,96.8395348837209,96.8548837209302,96.9181395348837,96.9239534883721,96.8761627906977,96.8270930232558,96.9354651162791,96.8426744186046,96.8416279069767
"bootstrap_data_no2_vg_90-ppb_conex_D_run_25.csv","90-ppb",96.8294186046512,96.8509302325581,96.8189534883721,96.8289534883721,96.9281395348837,96.8560465116279,96.758023255814,96.838488372093,96.8706976744186,96.8297674418605,96.8605813953488,96.8454651162791,96.7432558139535,96.833488372093,96.8825581395349,96.8359302325581,96.8536046511628,96.8645348837209,96.9073255813954,96.8301162790698
"bootstrap_data_no2_vg_90-ppb_conex_D_run_26.csv","90-ppb",96.8163953488372,96.8216279069767,96.8229069767442,96.903488372093,96.9041860465116,96.8526744186046,96.8608139534884,96.9332558139535,96.8391860465116,96.9183720930233,96.7858139534884,96.8424418604651,96.8372093023256,96.7752325581395,96.8267441860465,96.9079069767442,96.8894186046512,96.8677906976744,96.82,96.9131395348837
"bootstrap_data_no2_vg_90-ppb_conex_D_run_27.csv","90-ppb",96.8729069767442,96.8360465116279,96.8404651162791,96.8512790697674,96.7768604651163,96.8011627906977,96.9383720930233,96.9109302325581,96.7787209302326,96.8289534883721,96.8582558139535,96.7813953488372,96.8087209302326,96.8558139534884,96.8755813953488,96.8590697674419,96.8261627906977,96.8983720930233,96.8151162790698,96.8125581395349
"bootstrap_data_no2_vg_90-ppb_conex_D_run_28.csv","90-ppb",96.8520930232558,96.8523255813953,96.8675581395349,96.848023255814,96.8504651162791,96.8138372093023,96.9036046511628,96.811511627907,96.8556976744186,96.8818604651163,96.8891860465116,96.7901162790698,96.7675581395349,96.8918604651163,96.8518604651163,96.8594186046512,96.8458139534884,96.89,96.8411627906977,96.7582558139535
"bootstrap_data_no2_vg_90-ppb_conex_D_run_29.csv","90-ppb",96.8352325581395,96.7991860465116,96.8509302325581,96.9066279069767,96.8523255813953,96.9253488372093,96.8531395348837,96.8109302325581,96.8256976744186,96.7806976744186,96.8158139534884,96.8110465116279,96.8856976744186,96.8437209302326,96.8408139534884,96.8229069767442,96.7847674418605,96.8862790697674,96.8627906976744,96.8474418604651
"bootstrap_data_no2_vg_90-ppb_conex_D_run_3.csv","90-ppb",96.8798837209302,96.8073255813953,96.8281395348837,96.8398837209302,96.8061627906977,96.886976744186,96.881976744186,96.8582558139535,96.8482558139535,96.8976744186047,96.8036046511628,96.8631395348837,96.8972093023256,96.7874418604651,96.8695348837209,96.8776744186047,96.8986046511628,96.8487209302326,96.9246511627907,96.8383720930233
"bootstrap_data_no2_vg_90-ppb_conex_D_run_30.csv","90-ppb",96.9223255813953,96.8622093023256,96.8547674418605,96.8709302325581,96.8886046511628,96.7788372093023,96.9106976744186,96.761976744186,96.823488372093,96.8518604651163,96.8637209302326,96.8124418604651,96.8068604651163,96.8645348837209,96.9204651162791,96.9126744186047,96.8218604651163,96.7731395348837,96.8888372093023,96.8595348837209
"bootstrap_data_no2_vg_90-ppb_conex_D_run_4.csv","90-ppb",96.7881395348837,96.7970930232558,96.8347674418605,96.8766279069768,96.8737209302326,96.8744186046512,96.8198837209302,96.9002325581395,96.7624418604651,96.8727906976744,96.8852325581395,96.8682558139535,96.8681395348837,96.8432558139535,96.8341860465116,96.8247674418605,96.8029069767442,96.8704651162791,96.8816279069767,96.8073255813953
"bootstrap_data_no2_vg_90-ppb_conex_D_run_5.csv","90-ppb",96.8374418604651,96.841511627907,96.8737209302326,96.7582558139535,96.8094186046512,96.8196511627907,96.738023255814,96.8394186046512,96.8070930232558,96.9058139534884,96.811976744186,96.773488372093,96.7108139534884,96.8702325581395,96.8426744186046,96.8233720930233,96.8316279069767,96.875,96.8529069767442,96.8318604651163
"bootstrap_data_no2_vg_90-ppb_conex_D_run_6.csv","90-ppb",96.8439534883721,96.9118604651163,96.8247674418605,96.8005813953488,96.8856976744186,96.8232558139535,96.8675581395349,96.8281395348837,96.8210465116279,96.851511627907,96.8810465116279,96.8725581395349,96.8189534883721,96.7933720930233,96.891976744186,96.8004651162791,96.8466279069767,96.8467441860465,96.8923255813953,96.7579069767442
"bootstrap_data_no2_vg_90-ppb_conex_D_run_7.csv","90-ppb",96.8438372093023,96.8620930232558,96.8072093023256,96.8476744186047,96.8351162790698,96.7744186046512,96.8197674418605,96.8152325581395,96.861511627907,96.8323255813954,96.7377906976744,96.8694186046512,96.865,96.8382558139535,96.7740697674419,96.8566279069767,96.8333720930233,96.833488372093,96.8648837209302,96.8579069767442
"bootstrap_data_no2_vg_90-ppb_conex_D_run_8.csv","90-ppb",96.9005813953488,96.8129069767442,96.8163953488372,96.8512790697674,96.8326744186047,96.8929069767442,96.8244186046512,96.8482558139535,96.8117441860465,96.8619767441861,96.8760465116279,96.7490697674419,96.7975581395349,96.8586046511628,96.8758139534884,96.946511627907,96.8644186046512,96.8440697674419,96.8544186046512,96.8882558139535
"bootstrap_data_no2_vg_90-ppb_conex_D_run_9.csv","90-ppb",96.8439534883721,96.7690697674419,96.7962790697674,96.841511627907,96.8223255813953,96.7948837209302,96.763488372093,96.8238372093023,96.8481395348837,96.7911627906977,96.8603488372093,96.8626744186047,96.8425581395349,96.8204651162791,96.8812790697674,96.9244186046512,96.8804651162791,96.8282558139535,96.8556976744186,96.8317441860465
